{"admin":{"username":"arya9","password":"12Bbbb","capital":0,"flights":[]},"flights":[],"users":[{"username":"ali","password":"ALndfj834","capital":0,"flights":[]},{"username":"Ali","password":"Akmdfhji8","capital":0,"flights":[]},{"username":"Mom","password":"amM34","capital":0,"flights":[]},{"username":"arya2","password":"12Bbbb","capital":0,"flights":[]},{"username":"arya3","password":"12Booo","capital":0,"flights":[]},{"username":"arya8","password":"B12oo","capital":0,"flights":[]},{"username":"arya9","password":"12Bbbb","capital":0,"flights":[]}],"airplanes":[],"indirectFlights":[],"capital":0}